{
  "test_a": {
    "description": "Does value function prefer easier sequences?",
    "total_comparisons": 200,
    "value_preferred_easier": 122,
    "value_preferred_harder": 78,
    "value_equal": 0,
    "value_diff_when_correct": [
      0.06821489334106445,
      0.03764644265174866,
      0.0672583356499672,
      0.11821941286325455,
      0.052414655685424805,
      0.01084379106760025,
      0.0352206826210022,
      0.11737745255231857,
      0.061339303851127625,
      0.03665837645530701,
      0.09495950490236282,
      0.07535509765148163,
      0.04902243614196777,
      0.15358848124742508,
      0.05893510580062866,
      0.11062134802341461,
      0.07620163261890411,
      0.10665551573038101,
      0.002132996916770935,
      0.1120026484131813,
      0.019717730581760406,
      0.11431346088647842,
      0.06356106698513031,
      0.03863615542650223,
      0.00893072783946991,
      0.11108345538377762,
      0.1410614177584648,
      0.05876191705465317,
      0.02562713623046875,
      0.01993262767791748,
      0.02400124818086624,
      0.02156640589237213,
      0.021465830504894257,
      0.027641959488391876,
      0.07916834950447083,
      0.04417777061462402,
      0.10487878322601318,
      0.014815986156463623,
      0.040218815207481384,
      0.1479422077536583,
      0.050479598343372345,
      0.026416383683681488,
      0.08616063743829727,
      0.03784111142158508,
      0.12108031660318375,
      0.10554036498069763,
      0.051536157727241516,
      0.08985525369644165,
      0.02343643456697464,
      0.006362050771713257,
      0.04085490107536316,
      0.024922937154769897,
      0.05681189149618149,
      0.06337140500545502,
      0.022664353251457214,
      0.08969616144895554,
      0.05284782499074936,
      0.09079139679670334,
      0.07928915321826935,
      0.1518612876534462,
      0.22225463390350342,
      0.021732419729232788,
      0.08628594875335693,
      0.18398330360651016,
      0.11416015028953552,
      0.07530514150857925,
      0.024711251258850098,
      0.0595363974571228,
      0.015615314245223999,
      0.002845093607902527,
      0.09371841698884964,
      0.07528799027204514,
      0.11490210890769958,
      0.0766381025314331,
      0.10560459643602371,
      0.07388710230588913,
      0.09680693596601486,
      0.004111140966415405,
      0.10699664056301117,
      0.09187516570091248,
      0.21507833153009415,
      0.033708587288856506,
      0.06824570894241333,
      0.0020899325609207153,
      0.041922539472579956,
      0.0022221803665161133,
      0.01779935508966446,
      0.08219744265079498,
      0.0215437114238739,
      0.02191222459077835,
      0.015481069684028625,
      0.005787387490272522,
      0.038094937801361084,
      0.012664169073104858,
      0.10768495500087738,
      0.05646117031574249,
      0.000840604305267334,
      0.0003871545195579529,
      0.011329442262649536,
      0.053205907344818115,
      0.023908495903015137,
      0.0093001127243042,
      0.014885753393173218,
      0.021945543587207794,
      0.195951946079731,
      0.15455951541662216,
      0.09064356237649918,
      0.07641992717981339,
      0.08350498229265213,
      0.13076107949018478,
      0.03795933723449707,
      0.07175430655479431,
      0.01814401149749756,
      0.11671031266450882,
      0.03290639817714691,
      0.03489084541797638,
      0.09548725187778473,
      0.0628146231174469,
      0.017961964011192322,
      0.07985483109951019,
      0.03160645067691803,
      0.12533291429281235
    ],
    "value_diff_when_wrong": [
      0.049258992075920105,
      0.11716064810752869,
      0.0013286471366882324,
      0.011082783341407776,
      0.05720451474189758,
      0.02002173662185669,
      0.027425527572631836,
      0.036360159516334534,
      0.14092404395341873,
      0.08493761718273163,
      0.01471167802810669,
      0.0634220689535141,
      0.01515895128250122,
      0.00442110002040863,
      0.05659575015306473,
      0.020430028438568115,
      0.02639344334602356,
      0.07026328891515732,
      0.16686322540044785,
      0.04246857762336731,
      0.03221190720796585,
      0.06088116765022278,
      0.02917402982711792,
      0.02703842520713806,
      0.11051521450281143,
      0.02300781011581421,
      0.049135684967041016,
      0.03504110872745514,
      0.06293269991874695,
      0.03449644893407822,
      0.04149895906448364,
      0.009146913886070251,
      0.036892831325531006,
      0.017695486545562744,
      0.14453191310167313,
      0.02047330141067505,
      0.01126176118850708,
      0.04532739520072937,
      0.0389186292886734,
      0.01582162082195282,
      0.021867528557777405,
      0.004780113697052002,
      0.015370339155197144,
      0.042445018887519836,
      0.06210957467556,
      0.041180290281772614,
      0.041866809129714966,
      0.0160694420337677,
      0.06405851244926453,
      0.18438778817653656,
      0.0022796019911766052,
      0.03219793736934662,
      0.01444883644580841,
      0.015232384204864502,
      0.03577999770641327,
      0.056588441133499146,
      0.005101993680000305,
      0.1295391470193863,
      0.0511743426322937,
      0.052883848547935486,
      0.03849385678768158,
      0.021965019404888153,
      0.09535802155733109,
      0.09015537053346634,
      0.004857286810874939,
      0.0721375122666359,
      0.04908311367034912,
      0.062167689204216,
      0.08992840349674225,
      0.07865851372480392,
      0.05937271565198898,
      0.01738990843296051,
      0.06255115568637848,
      0.05391065031290054,
      0.03302808105945587,
      0.012198373675346375,
      0.05011981725692749,
      0.13103940337896347
    ],
    "easier_preference_rate": 0.61,
    "harder_preference_rate": 0.39,
    "length_value_correlation": -0.26676619843527216
  },
  "test_b": {
    "description": "Does value anticipate future difficulty?",
    "initial_value_tracks_difficulty": 104,
    "total_valid": 200,
    "anticipation_rate": 0.52
  },
  "test_c": {
    "description": "Suffix marginal value: does adding an easy vs hard second step change value differently?",
    "delta_v_higher_for_easy": 104,
    "delta_v_higher_for_hard": 96,
    "total_valid": 200,
    "anticipation_rate": 0.52,
    "mean_delta_v_easy": -0.2177398371696472,
    "mean_delta_v_hard": -0.21836095076054335,
    "delta_v_difference": 0.000621113590896144
  }
}