{
  "test_a": {
    "description": "Does value function prefer easier sequences?",
    "total_comparisons": 200,
    "value_preferred_easier": 116,
    "value_preferred_harder": 84,
    "value_equal": 0,
    "value_diff_when_correct": [
      0.007801994681358337,
      0.05904695391654968,
      0.007526472210884094,
      0.004382014274597168,
      0.043220847845077515,
      0.0833282545208931,
      0.043255969882011414,
      0.017607152462005615,
      0.06896023452281952,
      0.04256218671798706,
      0.03164948523044586,
      0.07628612965345383,
      0.03432357311248779,
      0.034250736236572266,
      0.11309540271759033,
      0.033701345324516296,
      0.05440022051334381,
      0.03488382697105408,
      0.13607921451330185,
      0.1742144599556923,
      0.006100937724113464,
      0.08631426095962524,
      0.12491593509912491,
      0.20909928530454636,
      0.008773133158683777,
      0.01682804524898529,
      0.026323586702346802,
      0.1482105702161789,
      0.22707434743642807,
      0.16513823717832565,
      0.03785625100135803,
      0.06146187335252762,
      0.08116152882575989,
      0.06570455431938171,
      0.18590684235095978,
      0.07696568965911865,
      0.11309731006622314,
      0.02698168158531189,
      0.1764601692557335,
      0.1407388374209404,
      0.11491288244724274,
      0.048101916909217834,
      0.10229034721851349,
      0.098593570291996,
      0.20975091308355331,
      0.08241799473762512,
      0.03881339728832245,
      0.020175978541374207,
      0.012022972106933594,
      0.11600005626678467,
      0.09568827599287033,
      0.01755298674106598,
      0.037895992398262024,
      0.0739276260137558,
      0.03837895393371582,
      0.01309908926486969,
      0.07842211425304413,
      0.01428993046283722,
      0.09359364956617355,
      0.2289569303393364,
      0.031706616282463074,
      0.06243966519832611,
      0.00027379393577575684,
      0.019759491086006165,
      0.07464717328548431,
      0.004216283559799194,
      0.12357815355062485,
      0.054928407073020935,
      0.06321464478969574,
      0.03514474630355835,
      0.026118695735931396,
      0.06912693381309509,
      0.14048634469509125,
      0.07720831781625748,
      0.019255101680755615,
      0.16839959472417831,
      0.05247047543525696,
      0.03194352984428406,
      0.041208505630493164,
      0.05916954576969147,
      0.03424164652824402,
      0.012158825993537903,
      0.008254662156105042,
      0.07328333705663681,
      0.10466305166482925,
      0.06480532884597778,
      0.1341060996055603,
      0.10267937928438187,
      0.05424778163433075,
      0.008345082402229309,
      0.04590332508087158,
      0.12510893493890762,
      0.13016972690820694,
      0.12692125886678696,
      0.005647748708724976,
      0.010854586958885193,
      0.07676271349191666,
      0.11390607059001923,
      0.09846793860197067,
      0.14188367873430252,
      0.07629355788230896,
      0.011839047074317932,
      0.06257569789886475,
      0.03483004868030548,
      0.027275681495666504,
      0.05705222487449646,
      0.0031577497720718384,
      0.0802159309387207,
      0.07839541137218475,
      0.17908544093370438,
      0.08853009343147278,
      0.012314662337303162,
      0.09175680577754974,
      0.14342141896486282,
      0.06933404505252838,
      0.05316149443387985
    ],
    "value_diff_when_wrong": [
      0.08682640641927719,
      0.022760652005672455,
      0.020757392048835754,
      0.018282368779182434,
      0.024557292461395264,
      0.01609635353088379,
      0.08783558756113052,
      0.048525646328926086,
      0.15500932186841965,
      0.008763253688812256,
      0.02443861961364746,
      0.034231558442115784,
      0.013553068041801453,
      0.049788445234298706,
      0.0057082027196884155,
      0.025865480303764343,
      0.011604249477386475,
      0.043794289231300354,
      0.025692462921142578,
      0.06286526471376419,
      0.11312828958034515,
      0.05355183780193329,
      0.05245649814605713,
      0.01525607705116272,
      0.0018903464078903198,
      0.018000692129135132,
      0.14625896513462067,
      0.040930747985839844,
      0.012084618210792542,
      0.10496074706315994,
      0.010911911725997925,
      0.01010875403881073,
      0.013738289475440979,
      0.020150482654571533,
      0.04335171729326248,
      0.10789460688829422,
      0.032340362668037415,
      0.0027222782373428345,
      0.002194419503211975,
      0.03767521679401398,
      0.11352743953466415,
      0.005668744444847107,
      0.1387544572353363,
      0.04905283451080322,
      0.04597097635269165,
      0.1450744792819023,
      0.11134986579418182,
      0.06161704659461975,
      0.13716601580381393,
      0.03819803148508072,
      0.030765101313591003,
      0.002373427152633667,
      0.027714863419532776,
      0.16111858934164047,
      0.018824756145477295,
      0.03178822994232178,
      0.04750412702560425,
      0.027314811944961548,
      0.1893739327788353,
      0.0904284417629242,
      0.037339434027671814,
      0.0393110066652298,
      0.0693647563457489,
      0.06597760319709778,
      0.23640388250350952,
      0.0834425538778305,
      0.17423204332590103,
      0.007157444953918457,
      0.09327034652233124,
      0.10317646712064743,
      0.0326196551322937,
      0.04435449838638306,
      0.027191124856472015,
      0.08740437030792236,
      0.006891712546348572,
      0.04850313067436218,
      0.03744034469127655,
      0.019546836614608765,
      0.01792287826538086,
      0.06639659404754639,
      0.06639400869607925,
      0.08856012672185898,
      0.0399140864610672,
      0.0687776580452919
    ],
    "easier_preference_rate": 0.58,
    "harder_preference_rate": 0.42,
    "length_value_correlation": -0.2154025085354619
  },
  "test_b": {
    "description": "Does value anticipate future difficulty?",
    "initial_value_tracks_difficulty": 101,
    "total_valid": 200,
    "anticipation_rate": 0.505
  },
  "test_c": {
    "description": "Suffix marginal value: does adding an easy vs hard second step change value differently?",
    "delta_v_higher_for_easy": 101,
    "delta_v_higher_for_hard": 99,
    "total_valid": 200,
    "anticipation_rate": 0.505,
    "mean_delta_v_easy": -0.2043893763050437,
    "mean_delta_v_hard": -0.2052284449711442,
    "delta_v_difference": 0.0008390686661005065
  }
}